Run,Horizon,Theta,Choice,Policy,Loc_Dep,Joint,Doubly,beta,gamma,Profit
0,7,1.75,0,DCPP,1,1,0,0.0,1.0,240.725
1,7,1.75,0,DCPP,1,1,0,0.0,1.0,239.975
2,7,1.75,0,DCPP,1,1,0,0.0,1.0,241.41666666666663
3,7,1.75,0,DCPP,1,1,0,0.0,1.0,243.26666666666668
4,7,1.75,0,DCPP,1,1,0,0.0,1.0,245.63333333333333
5,7,1.75,0,DCPP,1,1,0,0.0,1.0,246.225
6,7,1.75,0,DCPP,1,1,0,0.0,1.0,252.36666666666667
7,7,1.75,0,DCPP,1,1,0,0.0,1.0,248.84166666666667
8,7,1.75,0,DCPP,1,1,0,0.0,1.0,240.275
9,7,1.75,0,DCPP,1,1,0,0.0,1.0,240.56666666666663
10,7,1.75,0,DCPP,1,1,0,0.0,1.0,234.76666666666668
11,7,1.75,0,DCPP,1,1,0,0.0,1.0,238.05
12,7,1.75,0,DCPP,1,1,0,0.0,1.0,244.21666666666667
13,7,1.75,0,DCPP,1,1,0,0.0,1.0,246.125
14,7,1.75,0,DCPP,1,1,0,0.0,1.0,237.8083333333333
15,7,1.75,0,DCPP,1,1,0,0.0,1.0,241.40833333333333
16,7,1.75,0,DCPP,1,1,0,0.0,1.0,244.21666666666667
17,7,1.75,0,DCPP,1,1,0,0.0,1.0,244.49166666666667
18,7,1.75,0,DCPP,1,1,0,0.0,1.0,237.95
19,7,1.75,0,DCPP,1,1,0,0.0,1.0,245.35833333333332
20,7,1.75,0,DCPP,1,1,0,0.0,1.0,245.375
21,7,1.75,0,DCPP,1,1,0,0.0,1.0,247.73333333333332
22,7,1.75,0,DCPP,1,1,0,0.0,1.0,241.26666666666668
23,7,1.75,0,DCPP,1,1,0,0.0,1.0,237.975
24,7,1.75,0,DCPP,1,1,0,0.0,1.0,239.01666666666668
25,7,1.75,0,DCPP,1,1,0,0.0,1.0,245.01666666666668
26,7,1.75,0,DCPP,1,1,0,0.0,1.0,242.06666666666663
27,7,1.75,0,DCPP,1,1,0,0.0,1.0,239.725
28,7,1.75,0,DCPP,1,1,0,0.0,1.0,238.60833333333332
29,7,1.75,0,DCPP,1,1,0,0.0,1.0,243.6
30,7,1.75,0,DCPP,1,1,0,0.0,1.0,249.8083333333333
31,7,1.75,0,DCPP,1,1,0,0.0,1.0,244.84166666666667
32,7,1.75,0,DCPP,1,1,0,0.0,1.0,249.75833333333333
33,7,1.75,0,DCPP,1,1,0,0.0,1.0,237.09166666666667
34,7,1.75,0,DCPP,1,1,0,0.0,1.0,240.25
35,7,1.75,0,DCPP,1,1,0,0.0,1.0,243.0833333333333
36,7,1.75,0,DCPP,1,1,0,0.0,1.0,251.59166666666667
37,7,1.75,0,DCPP,1,1,0,0.0,1.0,245.28333333333333
38,7,1.75,0,DCPP,1,1,0,0.0,1.0,241.25
39,7,1.75,0,DCPP,1,1,0,0.0,1.0,241.21666666666667
0,7,1.25,1,DCPP,1,1,0,0.0,1.0,268.60833333333335
1,7,1.25,1,DCPP,1,1,0,0.0,1.0,263.64166666666665
2,7,1.25,1,DCPP,1,1,0,0.0,1.0,266.85833333333335
3,7,1.25,1,DCPP,1,1,0,0.0,1.0,267.4166666666667
4,7,1.25,1,DCPP,1,1,0,0.0,1.0,261.2416666666667
5,7,1.25,1,DCPP,1,1,0,0.0,1.0,271.2916666666667
6,7,1.25,1,DCPP,1,1,0,0.0,1.0,269.05
7,7,1.25,1,DCPP,1,1,0,0.0,1.0,268.69166666666666
8,7,1.25,1,DCPP,1,1,0,0.0,1.0,265.3666666666667
9,7,1.25,1,DCPP,1,1,0,0.0,1.0,262.30833333333334
10,7,1.25,1,DCPP,1,1,0,0.0,1.0,263.525
11,7,1.25,1,DCPP,1,1,0,0.0,1.0,265.6666666666667
12,7,1.25,1,DCPP,1,1,0,0.0,1.0,266.44166666666666
13,7,1.25,1,DCPP,1,1,0,0.0,1.0,273.03333333333336
14,7,1.25,1,DCPP,1,1,0,0.0,1.0,267.125
15,7,1.25,1,DCPP,1,1,0,0.0,1.0,264.5
16,7,1.25,1,DCPP,1,1,0,0.0,1.0,271.525
17,7,1.25,1,DCPP,1,1,0,0.0,1.0,266.10833333333335
18,7,1.25,1,DCPP,1,1,0,0.0,1.0,264.05
19,7,1.25,1,DCPP,1,1,0,0.0,1.0,267.85
20,7,1.25,1,DCPP,1,1,0,0.0,1.0,266.1666666666667
21,7,1.25,1,DCPP,1,1,0,0.0,1.0,270.525
22,7,1.25,1,DCPP,1,1,0,0.0,1.0,261.84166666666664
23,7,1.25,1,DCPP,1,1,0,0.0,1.0,263.5833333333333
24,7,1.25,1,DCPP,1,1,0,0.0,1.0,265.5
25,7,1.25,1,DCPP,1,1,0,0.0,1.0,272.85833333333335
26,7,1.25,1,DCPP,1,1,0,0.0,1.0,264.09166666666664
27,7,1.25,1,DCPP,1,1,0,0.0,1.0,267.7916666666667
28,7,1.25,1,DCPP,1,1,0,0.0,1.0,265.075
29,7,1.25,1,DCPP,1,1,0,0.0,1.0,265.65833333333336
30,7,1.25,1,DCPP,1,1,0,0.0,1.0,269.625
31,7,1.25,1,DCPP,1,1,0,0.0,1.0,265.575
32,7,1.25,1,DCPP,1,1,0,0.0,1.0,269.48333333333335
33,7,1.25,1,DCPP,1,1,0,0.0,1.0,266.8833333333333
34,7,1.25,1,DCPP,1,1,0,0.0,1.0,263.35
35,7,1.25,1,DCPP,1,1,0,0.0,1.0,268.025
36,7,1.25,1,DCPP,1,1,0,0.0,1.0,273.40833333333336
37,7,1.25,1,DCPP,1,1,0,0.0,1.0,270.23333333333335
38,7,1.25,1,DCPP,1,1,0,0.0,1.0,267.25
39,7,1.25,1,DCPP,1,1,0,0.0,1.0,268.90833333333336
0,7,1.25,0,DCPP,1,1,0,0.0,1.0,283.575
1,7,1.25,0,DCPP,1,1,0,0.0,1.0,281.0416666666667
2,7,1.25,0,DCPP,1,1,0,0.0,1.0,286.55
3,7,1.25,0,DCPP,1,1,0,0.0,1.0,285.1666666666667
4,7,1.25,0,DCPP,1,1,0,0.0,1.0,281.98333333333335
5,7,1.25,0,DCPP,1,1,0,0.0,1.0,283.575
6,7,1.25,0,DCPP,1,1,0,0.0,1.0,288.30833333333334
7,7,1.25,0,DCPP,1,1,0,0.0,1.0,282.0
8,7,1.25,0,DCPP,1,1,0,0.0,1.0,279.525
9,7,1.25,0,DCPP,1,1,0,0.0,1.0,277.475
10,7,1.25,0,DCPP,1,1,0,0.0,1.0,279.65
11,7,1.25,0,DCPP,1,1,0,0.0,1.0,278.9583333333333
12,7,1.25,0,DCPP,1,1,0,0.0,1.0,282.55833333333334
13,7,1.25,0,DCPP,1,1,0,0.0,1.0,288.10833333333335
14,7,1.25,0,DCPP,1,1,0,0.0,1.0,282.21666666666664
15,7,1.25,0,DCPP,1,1,0,0.0,1.0,283.90833333333336
16,7,1.25,0,DCPP,1,1,0,0.0,1.0,289.06666666666666
17,7,1.25,0,DCPP,1,1,0,0.0,1.0,285.53333333333336
18,7,1.25,0,DCPP,1,1,0,0.0,1.0,278.39166666666665
19,7,1.25,0,DCPP,1,1,0,0.0,1.0,283.5416666666667
20,7,1.25,0,DCPP,1,1,0,0.0,1.0,281.26666666666665
21,7,1.25,0,DCPP,1,1,0,0.0,1.0,288.44166666666666
22,7,1.25,0,DCPP,1,1,0,0.0,1.0,281.8
23,7,1.25,0,DCPP,1,1,0,0.0,1.0,278.625
24,7,1.25,0,DCPP,1,1,0,0.0,1.0,283.53333333333336
25,7,1.25,0,DCPP,1,1,0,0.0,1.0,285.69166666666666
26,7,1.25,0,DCPP,1,1,0,0.0,1.0,281.4583333333333
27,7,1.25,0,DCPP,1,1,0,0.0,1.0,281.0
28,7,1.25,0,DCPP,1,1,0,0.0,1.0,284.7083333333333
29,7,1.25,0,DCPP,1,1,0,0.0,1.0,287.9583333333333
30,7,1.25,0,DCPP,1,1,0,0.0,1.0,289.1
31,7,1.25,0,DCPP,1,1,0,0.0,1.0,285.475
32,7,1.25,0,DCPP,1,1,0,0.0,1.0,286.48333333333335
33,7,1.25,0,DCPP,1,1,0,0.0,1.0,283.3833333333333
34,7,1.25,0,DCPP,1,1,0,0.0,1.0,277.5833333333333
35,7,1.25,0,DCPP,1,1,0,0.0,1.0,283.64166666666665
36,7,1.25,0,DCPP,1,1,0,0.0,1.0,286.1166666666667
37,7,1.25,0,DCPP,1,1,0,0.0,1.0,290.2416666666667
38,7,1.25,0,DCPP,1,1,0,0.0,1.0,282.4583333333333
39,7,1.25,0,DCPP,1,1,0,0.0,1.0,291.775
0,7,1.5,1,DCPP,1,0,0,0.0,1.0,231.91666666666663
1,7,1.5,1,DCPP,1,0,0,0.0,1.0,228.5
2,7,1.5,1,DCPP,1,0,0,0.0,1.0,234.6833333333333
3,7,1.5,1,DCPP,1,0,0,0.0,1.0,237.4333333333333
4,7,1.5,1,DCPP,1,0,0,0.0,1.0,228.6
5,7,1.5,1,DCPP,1,0,0,0.0,1.0,240.81666666666663
6,7,1.5,1,DCPP,1,0,0,0.0,1.0,238.98333333333332
7,7,1.5,1,DCPP,1,0,0,0.0,1.0,240.21666666666667
8,7,1.5,1,DCPP,1,0,0,0.0,1.0,233.66666666666663
9,7,1.5,1,DCPP,1,0,0,0.0,1.0,226.55
10,7,1.5,1,DCPP,1,0,0,0.0,1.0,229.16666666666663
11,7,1.5,1,DCPP,1,0,0,0.0,1.0,229.76666666666668
12,7,1.5,1,DCPP,1,0,0,0.0,1.0,237.05
13,7,1.5,1,DCPP,1,0,0,0.0,1.0,240.3333333333333
14,7,1.5,1,DCPP,1,0,0,0.0,1.0,239.26666666666668
15,7,1.5,1,DCPP,1,0,0,0.0,1.0,235.88333333333333
16,7,1.5,1,DCPP,1,0,0,0.0,1.0,247.16666666666663
17,7,1.5,1,DCPP,1,0,0,0.0,1.0,238.8333333333333
18,7,1.5,1,DCPP,1,0,0,0.0,1.0,234.55
19,7,1.5,1,DCPP,1,0,0,0.0,1.0,232.81666666666663
20,7,1.5,1,DCPP,1,0,0,0.0,1.0,238.31666666666663
21,7,1.5,1,DCPP,1,0,0,0.0,1.0,244.61666666666667
22,7,1.5,1,DCPP,1,0,0,0.0,1.0,231.6
23,7,1.5,1,DCPP,1,0,0,0.0,1.0,228.23333333333332
24,7,1.5,1,DCPP,1,0,0,0.0,1.0,234.15
25,7,1.5,1,DCPP,1,0,0,0.0,1.0,242.05
26,7,1.5,1,DCPP,1,0,0,0.0,1.0,235.1
27,7,1.5,1,DCPP,1,0,0,0.0,1.0,235.81666666666663
28,7,1.5,1,DCPP,1,0,0,0.0,1.0,236.38333333333333
29,7,1.5,1,DCPP,1,0,0,0.0,1.0,236.38333333333333
30,7,1.5,1,DCPP,1,0,0,0.0,1.0,242.01666666666668
31,7,1.5,1,DCPP,1,0,0,0.0,1.0,230.11666666666667
32,7,1.5,1,DCPP,1,0,0,0.0,1.0,241.3333333333333
33,7,1.5,1,DCPP,1,0,0,0.0,1.0,231.75
34,7,1.5,1,DCPP,1,0,0,0.0,1.0,227.21666666666667
35,7,1.5,1,DCPP,1,0,0,0.0,1.0,240.35
36,7,1.5,1,DCPP,1,0,0,0.0,1.0,245.38333333333333
37,7,1.5,1,DCPP,1,0,0,0.0,1.0,239.2
38,7,1.5,1,DCPP,1,0,0,0.0,1.0,237.45
39,7,1.5,1,DCPP,1,0,0,0.0,1.0,237.45
0,7,1.5,0,DCPP,1,1,0,0.0,1.0,259.45
1,7,1.5,0,DCPP,1,1,0,0.0,1.0,256.8
2,7,1.5,0,DCPP,1,1,0,0.0,1.0,263.81666666666666
3,7,1.5,0,DCPP,1,1,0,0.0,1.0,267.96666666666664
4,7,1.5,0,DCPP,1,1,0,0.0,1.0,259.21666666666664
5,7,1.5,0,DCPP,1,1,0,0.0,1.0,268.6
6,7,1.5,0,DCPP,1,1,0,0.0,1.0,270.2
7,7,1.5,0,DCPP,1,1,0,0.0,1.0,263.06666666666666
8,7,1.5,0,DCPP,1,1,0,0.0,1.0,263.1666666666667
9,7,1.5,0,DCPP,1,1,0,0.0,1.0,259.1666666666667
10,7,1.5,0,DCPP,1,1,0,0.0,1.0,257.01666666666665
11,7,1.5,0,DCPP,1,1,0,0.0,1.0,259.96666666666664
12,7,1.5,0,DCPP,1,1,0,0.0,1.0,266.15
13,7,1.5,0,DCPP,1,1,0,0.0,1.0,264.0
14,7,1.5,0,DCPP,1,1,0,0.0,1.0,261.96666666666664
15,7,1.5,0,DCPP,1,1,0,0.0,1.0,262.06666666666666
16,7,1.5,0,DCPP,1,1,0,0.0,1.0,268.1333333333333
17,7,1.5,0,DCPP,1,1,0,0.0,1.0,266.96666666666664
18,7,1.5,0,DCPP,1,1,0,0.0,1.0,262.56666666666666
19,7,1.5,0,DCPP,1,1,0,0.0,1.0,260.4
20,7,1.5,0,DCPP,1,1,0,0.0,1.0,261.98333333333335
21,7,1.5,0,DCPP,1,1,0,0.0,1.0,264.21666666666664
22,7,1.5,0,DCPP,1,1,0,0.0,1.0,260.78333333333336
23,7,1.5,0,DCPP,1,1,0,0.0,1.0,259.18333333333334
24,7,1.5,0,DCPP,1,1,0,0.0,1.0,260.06666666666666
25,7,1.5,0,DCPP,1,1,0,0.0,1.0,271.03333333333336
26,7,1.5,0,DCPP,1,1,0,0.0,1.0,263.9
27,7,1.5,0,DCPP,1,1,0,0.0,1.0,265.73333333333335
28,7,1.5,0,DCPP,1,1,0,0.0,1.0,265.3333333333333
29,7,1.5,0,DCPP,1,1,0,0.0,1.0,263.48333333333335
30,7,1.5,0,DCPP,1,1,0,0.0,1.0,266.31666666666666
31,7,1.5,0,DCPP,1,1,0,0.0,1.0,265.45
32,7,1.5,0,DCPP,1,1,0,0.0,1.0,267.26666666666665
33,7,1.5,0,DCPP,1,1,0,0.0,1.0,260.6
34,7,1.5,0,DCPP,1,1,0,0.0,1.0,256.95
35,7,1.5,0,DCPP,1,1,0,0.0,1.0,260.9
36,7,1.5,0,DCPP,1,1,0,0.0,1.0,267.6
37,7,1.5,0,DCPP,1,1,0,0.0,1.0,268.45
38,7,1.5,0,DCPP,1,1,0,0.0,1.0,261.15
39,7,1.5,0,DCPP,1,1,0,0.0,1.0,268.71666666666664
0,7,1.5,1,DCPP,1,1,0,0.0,1.0,246.55
1,7,1.5,1,DCPP,1,1,0,0.0,1.0,246.1833333333333
2,7,1.5,1,DCPP,1,1,0,0.0,1.0,245.8
3,7,1.5,1,DCPP,1,1,0,0.0,1.0,248.36666666666667
4,7,1.5,1,DCPP,1,1,0,0.0,1.0,242.61666666666667
5,7,1.5,1,DCPP,1,1,0,0.0,1.0,254.6833333333333
6,7,1.5,1,DCPP,1,1,0,0.0,1.0,248.98333333333332
7,7,1.5,1,DCPP,1,1,0,0.0,1.0,246.0833333333333
8,7,1.5,1,DCPP,1,1,0,0.0,1.0,241.6833333333333
9,7,1.5,1,DCPP,1,1,0,0.0,1.0,241.76666666666668
10,7,1.5,1,DCPP,1,1,0,0.0,1.0,241.6
11,7,1.5,1,DCPP,1,1,0,0.0,1.0,243.3333333333333
12,7,1.5,1,DCPP,1,1,0,0.0,1.0,246.73333333333332
13,7,1.5,1,DCPP,1,1,0,0.0,1.0,249.81666666666663
14,7,1.5,1,DCPP,1,1,0,0.0,1.0,245.75
15,7,1.5,1,DCPP,1,1,0,0.0,1.0,244.55
16,7,1.5,1,DCPP,1,1,0,0.0,1.0,249.46666666666667
17,7,1.5,1,DCPP,1,1,0,0.0,1.0,249.63333333333333
18,7,1.5,1,DCPP,1,1,0,0.0,1.0,244.6833333333333
19,7,1.5,1,DCPP,1,1,0,0.0,1.0,249.66666666666663
20,7,1.5,1,DCPP,1,1,0,0.0,1.0,246.1
21,7,1.5,1,DCPP,1,1,0,0.0,1.0,251.98333333333332
22,7,1.5,1,DCPP,1,1,0,0.0,1.0,244.48333333333332
23,7,1.5,1,DCPP,1,1,0,0.0,1.0,242.15
24,7,1.5,1,DCPP,1,1,0,0.0,1.0,244.95
25,7,1.5,1,DCPP,1,1,0,0.0,1.0,250.5833333333333
26,7,1.5,1,DCPP,1,1,0,0.0,1.0,239.95
27,7,1.5,1,DCPP,1,1,0,0.0,1.0,243.75
28,7,1.5,1,DCPP,1,1,0,0.0,1.0,247.66666666666663
29,7,1.5,1,DCPP,1,1,0,0.0,1.0,247.9
30,7,1.5,1,DCPP,1,1,0,0.0,1.0,247.11666666666667
31,7,1.5,1,DCPP,1,1,0,0.0,1.0,241.63333333333333
32,7,1.5,1,DCPP,1,1,0,0.0,1.0,245.86666666666667
33,7,1.5,1,DCPP,1,1,0,0.0,1.0,250.06666666666663
34,7,1.5,1,DCPP,1,1,0,0.0,1.0,242.86666666666667
35,7,1.5,1,DCPP,1,1,0,0.0,1.0,245.46666666666667
36,7,1.5,1,DCPP,1,1,0,0.0,1.0,247.78333333333333
37,7,1.5,1,DCPP,1,1,0,0.0,1.0,247.96666666666667
38,7,1.5,1,DCPP,1,1,0,0.0,1.0,244.85
39,7,1.5,1,DCPP,1,1,0,0.0,1.0,246.05
0,7,1.5,0,DCPP,1,0,0,0.0,1.0,251.35
1,7,1.5,0,DCPP,1,0,0,0.0,1.0,246.01666666666668
2,7,1.5,0,DCPP,1,0,0,0.0,1.0,252.73333333333332
3,7,1.5,0,DCPP,1,0,0,0.0,1.0,255.8
4,7,1.5,0,DCPP,1,0,0,0.0,1.0,246.36666666666667
5,7,1.5,0,DCPP,1,0,0,0.0,1.0,253.13333333333333
6,7,1.5,0,DCPP,1,0,0,0.0,1.0,260.23333333333335
7,7,1.5,0,DCPP,1,0,0,0.0,1.0,253.3
8,7,1.5,0,DCPP,1,0,0,0.0,1.0,251.98333333333332
9,7,1.5,0,DCPP,1,0,0,0.0,1.0,246.8333333333333
10,7,1.5,0,DCPP,1,0,0,0.0,1.0,245.9333333333333
11,7,1.5,0,DCPP,1,0,0,0.0,1.0,247.73333333333332
12,7,1.5,0,DCPP,1,0,0,0.0,1.0,258.6666666666667
13,7,1.5,0,DCPP,1,0,0,0.0,1.0,258.75
14,7,1.5,0,DCPP,1,0,0,0.0,1.0,254.0
15,7,1.5,0,DCPP,1,0,0,0.0,1.0,251.88333333333333
16,7,1.5,0,DCPP,1,0,0,0.0,1.0,262.81666666666666
17,7,1.5,0,DCPP,1,0,0,0.0,1.0,253.75
18,7,1.5,0,DCPP,1,0,0,0.0,1.0,252.21666666666667
19,7,1.5,0,DCPP,1,0,0,0.0,1.0,254.91666666666663
20,7,1.5,0,DCPP,1,0,0,0.0,1.0,253.2
21,7,1.5,0,DCPP,1,0,0,0.0,1.0,260.2
22,7,1.5,0,DCPP,1,0,0,0.0,1.0,253.23333333333332
23,7,1.5,0,DCPP,1,0,0,0.0,1.0,247.46666666666667
24,7,1.5,0,DCPP,1,0,0,0.0,1.0,249.53333333333333
25,7,1.5,0,DCPP,1,0,0,0.0,1.0,258.3
26,7,1.5,0,DCPP,1,0,0,0.0,1.0,255.95
27,7,1.5,0,DCPP,1,0,0,0.0,1.0,256.8
28,7,1.5,0,DCPP,1,0,0,0.0,1.0,252.7
29,7,1.5,0,DCPP,1,0,0,0.0,1.0,255.13333333333333
30,7,1.5,0,DCPP,1,0,0,0.0,1.0,261.71666666666664
31,7,1.5,0,DCPP,1,0,0,0.0,1.0,249.05
32,7,1.5,0,DCPP,1,0,0,0.0,1.0,263.6
33,7,1.5,0,DCPP,1,0,0,0.0,1.0,253.91666666666663
34,7,1.5,0,DCPP,1,0,0,0.0,1.0,246.98333333333332
35,7,1.5,0,DCPP,1,0,0,0.0,1.0,252.35
36,7,1.5,0,DCPP,1,0,0,0.0,1.0,262.73333333333335
37,7,1.5,0,DCPP,1,0,0,0.0,1.0,256.93333333333334
38,7,1.5,0,DCPP,1,0,0,0.0,1.0,249.13333333333333
39,7,1.5,0,DCPP,1,0,0,0.0,1.0,261.7
0,7,1.75,0,DCPP,1,0,0,0.0,1.0,232.24166666666667
1,7,1.75,0,DCPP,1,0,0,0.0,1.0,226.28333333333333
2,7,1.75,0,DCPP,1,0,0,0.0,1.0,237.49166666666667
3,7,1.75,0,DCPP,1,0,0,0.0,1.0,232.85
4,7,1.75,0,DCPP,1,0,0,0.0,1.0,223.7
5,7,1.75,0,DCPP,1,0,0,0.0,1.0,235.53333333333333
6,7,1.75,0,DCPP,1,0,0,0.0,1.0,235.03333333333333
7,7,1.75,0,DCPP,1,0,0,0.0,1.0,229.275
8,7,1.75,0,DCPP,1,0,0,0.0,1.0,230.0833333333333
9,7,1.75,0,DCPP,1,0,0,0.0,1.0,222.50833333333333
10,7,1.75,0,DCPP,1,0,0,0.0,1.0,226.59166666666667
11,7,1.75,0,DCPP,1,0,0,0.0,1.0,225.84166666666667
12,7,1.75,0,DCPP,1,0,0,0.0,1.0,235.69166666666663
13,7,1.75,0,DCPP,1,0,0,0.0,1.0,236.54166666666663
14,7,1.75,0,DCPP,1,0,0,0.0,1.0,236.98333333333332
15,7,1.75,0,DCPP,1,0,0,0.0,1.0,230.75833333333333
16,7,1.75,0,DCPP,1,0,0,0.0,1.0,239.94166666666663
17,7,1.75,0,DCPP,1,0,0,0.0,1.0,231.775
18,7,1.75,0,DCPP,1,0,0,0.0,1.0,226.675
19,7,1.75,0,DCPP,1,0,0,0.0,1.0,226.01666666666668
20,7,1.75,0,DCPP,1,0,0,0.0,1.0,230.5
21,7,1.75,0,DCPP,1,0,0,0.0,1.0,237.025
22,7,1.75,0,DCPP,1,0,0,0.0,1.0,233.16666666666663
23,7,1.75,0,DCPP,1,0,0,0.0,1.0,228.025
24,7,1.75,0,DCPP,1,0,0,0.0,1.0,229.53333333333333
25,7,1.75,0,DCPP,1,0,0,0.0,1.0,234.34166666666667
26,7,1.75,0,DCPP,1,0,0,0.0,1.0,231.8
27,7,1.75,0,DCPP,1,0,0,0.0,1.0,231.8083333333333
28,7,1.75,0,DCPP,1,0,0,0.0,1.0,230.79166666666663
29,7,1.75,0,DCPP,1,0,0,0.0,1.0,234.575
30,7,1.75,0,DCPP,1,0,0,0.0,1.0,239.31666666666663
31,7,1.75,0,DCPP,1,0,0,0.0,1.0,230.76666666666668
32,7,1.75,0,DCPP,1,0,0,0.0,1.0,237.36666666666667
33,7,1.75,0,DCPP,1,0,0,0.0,1.0,227.25833333333333
34,7,1.75,0,DCPP,1,0,0,0.0,1.0,222.425
35,7,1.75,0,DCPP,1,0,0,0.0,1.0,230.6
36,7,1.75,0,DCPP,1,0,0,0.0,1.0,234.775
37,7,1.75,0,DCPP,1,0,0,0.0,1.0,237.85833333333332
38,7,1.75,0,DCPP,1,0,0,0.0,1.0,233.025
39,7,1.75,0,DCPP,1,0,0,0.0,1.0,238.10833333333332
0,7,1.25,1,DCPP,1,0,0,0.0,1.0,257.40833333333336
1,7,1.25,1,DCPP,1,0,0,0.0,1.0,253.23333333333332
2,7,1.25,1,DCPP,1,0,0,0.0,1.0,255.63333333333333
3,7,1.25,1,DCPP,1,0,0,0.0,1.0,259.9
4,7,1.25,1,DCPP,1,0,0,0.0,1.0,256.80833333333334
5,7,1.25,1,DCPP,1,0,0,0.0,1.0,263.725
6,7,1.25,1,DCPP,1,0,0,0.0,1.0,263.81666666666666
7,7,1.25,1,DCPP,1,0,0,0.0,1.0,255.8333333333333
8,7,1.25,1,DCPP,1,0,0,0.0,1.0,257.475
9,7,1.25,1,DCPP,1,0,0,0.0,1.0,252.025
10,7,1.25,1,DCPP,1,0,0,0.0,1.0,251.45
11,7,1.25,1,DCPP,1,0,0,0.0,1.0,253.25833333333333
12,7,1.25,1,DCPP,1,0,0,0.0,1.0,261.2916666666667
13,7,1.25,1,DCPP,1,0,0,0.0,1.0,262.575
14,7,1.25,1,DCPP,1,0,0,0.0,1.0,259.15
15,7,1.25,1,DCPP,1,0,0,0.0,1.0,261.9916666666667
16,7,1.25,1,DCPP,1,0,0,0.0,1.0,267.075
17,7,1.25,1,DCPP,1,0,0,0.0,1.0,266.9
18,7,1.25,1,DCPP,1,0,0,0.0,1.0,258.51666666666665
19,7,1.25,1,DCPP,1,0,0,0.0,1.0,258.89166666666665
20,7,1.25,1,DCPP,1,0,0,0.0,1.0,261.09166666666664
21,7,1.25,1,DCPP,1,0,0,0.0,1.0,267.875
22,7,1.25,1,DCPP,1,0,0,0.0,1.0,258.0416666666667
23,7,1.25,1,DCPP,1,0,0,0.0,1.0,253.1
24,7,1.25,1,DCPP,1,0,0,0.0,1.0,259.525
25,7,1.25,1,DCPP,1,0,0,0.0,1.0,266.7916666666667
26,7,1.25,1,DCPP,1,0,0,0.0,1.0,256.09166666666664
27,7,1.25,1,DCPP,1,0,0,0.0,1.0,255.54166666666663
28,7,1.25,1,DCPP,1,0,0,0.0,1.0,258.44166666666666
29,7,1.25,1,DCPP,1,0,0,0.0,1.0,261.18333333333334
30,7,1.25,1,DCPP,1,0,0,0.0,1.0,264.48333333333335
31,7,1.25,1,DCPP,1,0,0,0.0,1.0,257.96666666666664
32,7,1.25,1,DCPP,1,0,0,0.0,1.0,267.56666666666666
33,7,1.25,1,DCPP,1,0,0,0.0,1.0,255.9
34,7,1.25,1,DCPP,1,0,0,0.0,1.0,246.69166666666663
35,7,1.25,1,DCPP,1,0,0,0.0,1.0,258.025
36,7,1.25,1,DCPP,1,0,0,0.0,1.0,265.69166666666666
37,7,1.25,1,DCPP,1,0,0,0.0,1.0,264.73333333333335
38,7,1.25,1,DCPP,1,0,0,0.0,1.0,263.025
39,7,1.25,1,DCPP,1,0,0,0.0,1.0,260.6666666666667
0,7,1.75,1,DCPP,1,1,0,0.0,1.0,222.54166666666663
1,7,1.75,1,DCPP,1,1,0,0.0,1.0,218.24166666666667
2,7,1.75,1,DCPP,1,1,0,0.0,1.0,225.6833333333333
3,7,1.75,1,DCPP,1,1,0,0.0,1.0,217.625
4,7,1.75,1,DCPP,1,1,0,0.0,1.0,224.48333333333332
5,7,1.75,1,DCPP,1,1,0,0.0,1.0,223.36666666666667
6,7,1.75,1,DCPP,1,1,0,0.0,1.0,226.06666666666663
7,7,1.75,1,DCPP,1,1,0,0.0,1.0,221.91666666666663
8,7,1.75,1,DCPP,1,1,0,0.0,1.0,223.425
9,7,1.75,1,DCPP,1,1,0,0.0,1.0,220.9
10,7,1.75,1,DCPP,1,1,0,0.0,1.0,221.675
11,7,1.75,1,DCPP,1,1,0,0.0,1.0,221.91666666666663
12,7,1.75,1,DCPP,1,1,0,0.0,1.0,220.1
13,7,1.75,1,DCPP,1,1,0,0.0,1.0,221.75
14,7,1.75,1,DCPP,1,1,0,0.0,1.0,227.425
15,7,1.75,1,DCPP,1,1,0,0.0,1.0,222.56666666666663
16,7,1.75,1,DCPP,1,1,0,0.0,1.0,229.99166666666667
17,7,1.75,1,DCPP,1,1,0,0.0,1.0,225.6
18,7,1.75,1,DCPP,1,1,0,0.0,1.0,222.09166666666667
19,7,1.75,1,DCPP,1,1,0,0.0,1.0,226.525
20,7,1.75,1,DCPP,1,1,0,0.0,1.0,221.14166666666668
21,7,1.75,1,DCPP,1,1,0,0.0,1.0,228.24166666666667
22,7,1.75,1,DCPP,1,1,0,0.0,1.0,227.49166666666667
23,7,1.75,1,DCPP,1,1,0,0.0,1.0,224.54166666666663
24,7,1.75,1,DCPP,1,1,0,0.0,1.0,221.23333333333332
25,7,1.75,1,DCPP,1,1,0,0.0,1.0,229.04166666666663
26,7,1.75,1,DCPP,1,1,0,0.0,1.0,225.2
27,7,1.75,1,DCPP,1,1,0,0.0,1.0,227.7083333333333
28,7,1.75,1,DCPP,1,1,0,0.0,1.0,223.09166666666667
29,7,1.75,1,DCPP,1,1,0,0.0,1.0,222.10833333333332
30,7,1.75,1,DCPP,1,1,0,0.0,1.0,229.95
31,7,1.75,1,DCPP,1,1,0,0.0,1.0,221.00833333333333
32,7,1.75,1,DCPP,1,1,0,0.0,1.0,226.175
33,7,1.75,1,DCPP,1,1,0,0.0,1.0,227.8
34,7,1.75,1,DCPP,1,1,0,0.0,1.0,220.15
35,7,1.75,1,DCPP,1,1,0,0.0,1.0,225.3
36,7,1.75,1,DCPP,1,1,0,0.0,1.0,228.675
37,7,1.75,1,DCPP,1,1,0,0.0,1.0,220.73333333333332
38,7,1.75,1,DCPP,1,1,0,0.0,1.0,226.46666666666667
39,7,1.75,1,DCPP,1,1,0,0.0,1.0,228.3083333333333
0,7,1.75,1,DCPP,1,0,0,0.0,1.0,211.44166666666663
1,7,1.75,1,DCPP,1,0,0,0.0,1.0,210.125
2,7,1.75,1,DCPP,1,0,0,0.0,1.0,210.025
3,7,1.75,1,DCPP,1,0,0,0.0,1.0,210.86666666666667
4,7,1.75,1,DCPP,1,0,0,0.0,1.0,206.85
5,7,1.75,1,DCPP,1,0,0,0.0,1.0,219.6
6,7,1.75,1,DCPP,1,0,0,0.0,1.0,216.625
7,7,1.75,1,DCPP,1,0,0,0.0,1.0,214.63333333333333
8,7,1.75,1,DCPP,1,0,0,0.0,1.0,211.15
9,7,1.75,1,DCPP,1,0,0,0.0,1.0,207.55
10,7,1.75,1,DCPP,1,0,0,0.0,1.0,205.00833333333333
11,7,1.75,1,DCPP,1,0,0,0.0,1.0,205.13333333333333
12,7,1.75,1,DCPP,1,0,0,0.0,1.0,210.34166666666667
13,7,1.75,1,DCPP,1,0,0,0.0,1.0,217.675
14,7,1.75,1,DCPP,1,0,0,0.0,1.0,210.76666666666668
15,7,1.75,1,DCPP,1,0,0,0.0,1.0,209.60833333333332
16,7,1.75,1,DCPP,1,0,0,0.0,1.0,224.46666666666667
17,7,1.75,1,DCPP,1,0,0,0.0,1.0,216.51666666666668
18,7,1.75,1,DCPP,1,0,0,0.0,1.0,214.675
19,7,1.75,1,DCPP,1,0,0,0.0,1.0,209.85
20,7,1.75,1,DCPP,1,0,0,0.0,1.0,214.525
21,7,1.75,1,DCPP,1,0,0,0.0,1.0,221.35
22,7,1.75,1,DCPP,1,0,0,0.0,1.0,208.65
23,7,1.75,1,DCPP,1,0,0,0.0,1.0,209.4333333333333
24,7,1.75,1,DCPP,1,0,0,0.0,1.0,214.9333333333333
25,7,1.75,1,DCPP,1,0,0,0.0,1.0,220.19166666666663
26,7,1.75,1,DCPP,1,0,0,0.0,1.0,208.4583333333333
27,7,1.75,1,DCPP,1,0,0,0.0,1.0,215.09166666666667
28,7,1.75,1,DCPP,1,0,0,0.0,1.0,211.3333333333333
29,7,1.75,1,DCPP,1,0,0,0.0,1.0,215.275
30,7,1.75,1,DCPP,1,0,0,0.0,1.0,223.3333333333333
31,7,1.75,1,DCPP,1,0,0,0.0,1.0,203.25
32,7,1.75,1,DCPP,1,0,0,0.0,1.0,216.35
33,7,1.75,1,DCPP,1,0,0,0.0,1.0,209.55
34,7,1.75,1,DCPP,1,0,0,0.0,1.0,202.88333333333333
35,7,1.75,1,DCPP,1,0,0,0.0,1.0,215.79166666666663
36,7,1.75,1,DCPP,1,0,0,0.0,1.0,214.75833333333333
37,7,1.75,1,DCPP,1,0,0,0.0,1.0,212.78333333333333
38,7,1.75,1,DCPP,1,0,0,0.0,1.0,212.85833333333332
39,7,1.75,1,DCPP,1,0,0,0.0,1.0,220.2083333333333
0,7,1.25,0,DCPP,1,0,0,0.0,1.0,273.4583333333333
1,7,1.25,0,DCPP,1,0,0,0.0,1.0,271.48333333333335
2,7,1.25,0,DCPP,1,0,0,0.0,1.0,277.2416666666667
3,7,1.25,0,DCPP,1,0,0,0.0,1.0,279.2916666666667
4,7,1.25,0,DCPP,1,0,0,0.0,1.0,270.26666666666665
5,7,1.25,0,DCPP,1,0,0,0.0,1.0,281.3666666666667
6,7,1.25,0,DCPP,1,0,0,0.0,1.0,281.2416666666667
7,7,1.25,0,DCPP,1,0,0,0.0,1.0,274.6166666666667
8,7,1.25,0,DCPP,1,0,0,0.0,1.0,273.2416666666667
9,7,1.25,0,DCPP,1,0,0,0.0,1.0,268.1666666666667
10,7,1.25,0,DCPP,1,0,0,0.0,1.0,266.75
11,7,1.25,0,DCPP,1,0,0,0.0,1.0,270.73333333333335
12,7,1.25,0,DCPP,1,0,0,0.0,1.0,280.03333333333336
13,7,1.25,0,DCPP,1,0,0,0.0,1.0,279.175
14,7,1.25,0,DCPP,1,0,0,0.0,1.0,279.875
15,7,1.25,0,DCPP,1,0,0,0.0,1.0,275.5416666666667
16,7,1.25,0,DCPP,1,0,0,0.0,1.0,283.09166666666664
17,7,1.25,0,DCPP,1,0,0,0.0,1.0,280.375
18,7,1.25,0,DCPP,1,0,0,0.0,1.0,275.9583333333333
19,7,1.25,0,DCPP,1,0,0,0.0,1.0,278.35
20,7,1.25,0,DCPP,1,0,0,0.0,1.0,274.40833333333336
21,7,1.25,0,DCPP,1,0,0,0.0,1.0,283.53333333333336
22,7,1.25,0,DCPP,1,0,0,0.0,1.0,273.0083333333333
23,7,1.25,0,DCPP,1,0,0,0.0,1.0,270.175
24,7,1.25,0,DCPP,1,0,0,0.0,1.0,272.80833333333334
25,7,1.25,0,DCPP,1,0,0,0.0,1.0,284.2916666666667
26,7,1.25,0,DCPP,1,0,0,0.0,1.0,275.6
27,7,1.25,0,DCPP,1,0,0,0.0,1.0,275.4583333333333
28,7,1.25,0,DCPP,1,0,0,0.0,1.0,277.21666666666664
29,7,1.25,0,DCPP,1,0,0,0.0,1.0,278.55833333333334
30,7,1.25,0,DCPP,1,0,0,0.0,1.0,282.025
31,7,1.25,0,DCPP,1,0,0,0.0,1.0,276.5833333333333
32,7,1.25,0,DCPP,1,0,0,0.0,1.0,285.18333333333334
33,7,1.25,0,DCPP,1,0,0,0.0,1.0,276.39166666666665
34,7,1.25,0,DCPP,1,0,0,0.0,1.0,270.44166666666666
35,7,1.25,0,DCPP,1,0,0,0.0,1.0,273.95
36,7,1.25,0,DCPP,1,0,0,0.0,1.0,280.65
37,7,1.25,0,DCPP,1,0,0,0.0,1.0,281.39166666666665
38,7,1.25,0,DCPP,1,0,0,0.0,1.0,270.45
39,7,1.25,0,DCPP,1,0,0,0.0,1.0,280.3333333333333
0,15,1.75,1,DCPP,1,0,0,0.0,1.0,193.79166666666663
1,15,1.75,1,DCPP,1,0,0,0.0,1.0,190.325
2,15,1.75,1,DCPP,1,0,0,0.0,1.0,197.39166666666668
3,15,1.75,1,DCPP,1,0,0,0.0,1.0,196.84166666666667
4,15,1.75,1,DCPP,1,0,0,0.0,1.0,198.25
5,15,1.75,1,DCPP,1,0,0,0.0,1.0,204.975
6,15,1.75,1,DCPP,1,0,0,0.0,1.0,203.075
7,15,1.75,1,DCPP,1,0,0,0.0,1.0,190.09166666666667
8,15,1.75,1,DCPP,1,0,0,0.0,1.0,198.575
9,15,1.75,1,DCPP,1,0,0,0.0,1.0,178.76666666666668
10,15,1.75,1,DCPP,1,0,0,0.0,1.0,183.14166666666668
11,15,1.75,1,DCPP,1,0,0,0.0,1.0,186.33333333333331
12,15,1.75,1,DCPP,1,0,0,0.0,1.0,195.325
13,15,1.75,1,DCPP,1,0,0,0.0,1.0,205.0
14,15,1.75,1,DCPP,1,0,0,0.0,1.0,199.45833333333331
15,15,1.75,1,DCPP,1,0,0,0.0,1.0,201.875
16,15,1.75,1,DCPP,1,0,0,0.0,1.0,205.90833333333333
17,15,1.75,1,DCPP,1,0,0,0.0,1.0,201.99166666666667
18,15,1.75,1,DCPP,1,0,0,0.0,1.0,192.04166666666663
19,15,1.75,1,DCPP,1,0,0,0.0,1.0,199.33333333333331
20,15,1.75,1,DCPP,1,0,0,0.0,1.0,199.2333333333333
21,15,1.75,1,DCPP,1,0,0,0.0,1.0,211.14166666666668
22,15,1.75,1,DCPP,1,0,0,0.0,1.0,193.78333333333333
23,15,1.75,1,DCPP,1,0,0,0.0,1.0,190.725
24,15,1.75,1,DCPP,1,0,0,0.0,1.0,195.66666666666663
25,15,1.75,1,DCPP,1,0,0,0.0,1.0,208.50833333333333
26,15,1.75,1,DCPP,1,0,0,0.0,1.0,190.89166666666668
27,15,1.75,1,DCPP,1,0,0,0.0,1.0,192.8
28,15,1.75,1,DCPP,1,0,0,0.0,1.0,194.975
29,15,1.75,1,DCPP,1,0,0,0.0,1.0,196.78333333333333
30,15,1.75,1,DCPP,1,0,0,0.0,1.0,195.825
31,15,1.75,1,DCPP,1,0,0,0.0,1.0,190.025
32,15,1.75,1,DCPP,1,0,0,0.0,1.0,205.26666666666668
33,15,1.75,1,DCPP,1,0,0,0.0,1.0,189.9
34,15,1.75,1,DCPP,1,0,0,0.0,1.0,187.1833333333333
35,15,1.75,1,DCPP,1,0,0,0.0,1.0,198.3583333333333
36,15,1.75,1,DCPP,1,0,0,0.0,1.0,195.81666666666663
37,15,1.75,1,DCPP,1,0,0,0.0,1.0,199.09166666666667
38,15,1.75,1,DCPP,1,0,0,0.0,1.0,195.725
39,15,1.75,1,DCPP,1,0,0,0.0,1.0,199.53333333333333
0,15,1.25,0,DCPP,1,0,0,0.0,1.0,263.3666666666667
1,15,1.25,0,DCPP,1,0,0,0.0,1.0,260.15833333333336
2,15,1.25,0,DCPP,1,0,0,0.0,1.0,265.0833333333333
3,15,1.25,0,DCPP,1,0,0,0.0,1.0,266.69166666666666
4,15,1.25,0,DCPP,1,0,0,0.0,1.0,266.4916666666667
5,15,1.25,0,DCPP,1,0,0,0.0,1.0,270.3
6,15,1.25,0,DCPP,1,0,0,0.0,1.0,269.14166666666665
7,15,1.25,0,DCPP,1,0,0,0.0,1.0,264.18333333333334
8,15,1.25,0,DCPP,1,0,0,0.0,1.0,264.075
9,15,1.25,0,DCPP,1,0,0,0.0,1.0,259.28333333333336
10,15,1.25,0,DCPP,1,0,0,0.0,1.0,254.89166666666668
11,15,1.25,0,DCPP,1,0,0,0.0,1.0,261.0416666666667
12,15,1.25,0,DCPP,1,0,0,0.0,1.0,264.45
13,15,1.25,0,DCPP,1,0,0,0.0,1.0,268.89166666666665
14,15,1.25,0,DCPP,1,0,0,0.0,1.0,267.76666666666665
15,15,1.25,0,DCPP,1,0,0,0.0,1.0,272.5833333333333
16,15,1.25,0,DCPP,1,0,0,0.0,1.0,272.5416666666667
17,15,1.25,0,DCPP,1,0,0,0.0,1.0,272.325
18,15,1.25,0,DCPP,1,0,0,0.0,1.0,259.8833333333333
19,15,1.25,0,DCPP,1,0,0,0.0,1.0,266.0833333333333
20,15,1.25,0,DCPP,1,0,0,0.0,1.0,259.35833333333335
21,15,1.25,0,DCPP,1,0,0,0.0,1.0,273.9
22,15,1.25,0,DCPP,1,0,0,0.0,1.0,261.73333333333335
23,15,1.25,0,DCPP,1,0,0,0.0,1.0,263.2416666666667
24,15,1.25,0,DCPP,1,0,0,0.0,1.0,262.875
25,15,1.25,0,DCPP,1,0,0,0.0,1.0,273.7
26,15,1.25,0,DCPP,1,0,0,0.0,1.0,264.31666666666666
27,15,1.25,0,DCPP,1,0,0,0.0,1.0,266.8666666666667
28,15,1.25,0,DCPP,1,0,0,0.0,1.0,262.975
29,15,1.25,0,DCPP,1,0,0,0.0,1.0,265.56666666666666
30,15,1.25,0,DCPP,1,0,0,0.0,1.0,272.2916666666667
31,15,1.25,0,DCPP,1,0,0,0.0,1.0,257.7083333333333
32,15,1.25,0,DCPP,1,0,0,0.0,1.0,274.975
33,15,1.25,0,DCPP,1,0,0,0.0,1.0,262.15
34,15,1.25,0,DCPP,1,0,0,0.0,1.0,256.98333333333335
35,15,1.25,0,DCPP,1,0,0,0.0,1.0,268.3833333333333
36,15,1.25,0,DCPP,1,0,0,0.0,1.0,270.8
37,15,1.25,0,DCPP,1,0,0,0.0,1.0,270.06666666666666
38,15,1.25,0,DCPP,1,0,0,0.0,1.0,268.68333333333334
39,15,1.25,0,DCPP,1,0,0,0.0,1.0,265.84166666666664
0,15,1.5,1,DCPP,1,1,0,0.0,1.0,214.06666666666663
1,15,1.5,1,DCPP,1,1,0,0.0,1.0,210.25
2,15,1.5,1,DCPP,1,1,0,0.0,1.0,212.15
3,15,1.5,1,DCPP,1,1,0,0.0,1.0,213.9833333333333
4,15,1.5,1,DCPP,1,1,0,0.0,1.0,211.25
5,15,1.5,1,DCPP,1,1,0,0.0,1.0,213.16666666666663
6,15,1.5,1,DCPP,1,1,0,0.0,1.0,213.45
7,15,1.5,1,DCPP,1,1,0,0.0,1.0,211.26666666666668
8,15,1.5,1,DCPP,1,1,0,0.0,1.0,212.1
9,15,1.5,1,DCPP,1,1,0,0.0,1.0,210.1
10,15,1.5,1,DCPP,1,1,0,0.0,1.0,207.63333333333333
11,15,1.5,1,DCPP,1,1,0,0.0,1.0,208.33333333333331
12,15,1.5,1,DCPP,1,1,0,0.0,1.0,214.4
13,15,1.5,1,DCPP,1,1,0,0.0,1.0,214.03333333333333
14,15,1.5,1,DCPP,1,1,0,0.0,1.0,214.58333333333331
15,15,1.5,1,DCPP,1,1,0,0.0,1.0,213.5
16,15,1.5,1,DCPP,1,1,0,0.0,1.0,216.7
17,15,1.5,1,DCPP,1,1,0,0.0,1.0,213.0
18,15,1.5,1,DCPP,1,1,0,0.0,1.0,214.21666666666667
19,15,1.5,1,DCPP,1,1,0,0.0,1.0,214.7
20,15,1.5,1,DCPP,1,1,0,0.0,1.0,213.16666666666663
21,15,1.5,1,DCPP,1,1,0,0.0,1.0,215.01666666666668
22,15,1.5,1,DCPP,1,1,0,0.0,1.0,210.95
23,15,1.5,1,DCPP,1,1,0,0.0,1.0,215.4333333333333
24,15,1.5,1,DCPP,1,1,0,0.0,1.0,211.33333333333331
25,15,1.5,1,DCPP,1,1,0,0.0,1.0,214.4833333333333
26,15,1.5,1,DCPP,1,1,0,0.0,1.0,211.71666666666667
27,15,1.5,1,DCPP,1,1,0,0.0,1.0,216.31666666666663
28,15,1.5,1,DCPP,1,1,0,0.0,1.0,209.81666666666663
29,15,1.5,1,DCPP,1,1,0,0.0,1.0,210.38333333333333
30,15,1.5,1,DCPP,1,1,0,0.0,1.0,213.33333333333331
31,15,1.5,1,DCPP,1,1,0,0.0,1.0,208.65
32,15,1.5,1,DCPP,1,1,0,0.0,1.0,212.7333333333333
33,15,1.5,1,DCPP,1,1,0,0.0,1.0,212.41666666666663
34,15,1.5,1,DCPP,1,1,0,0.0,1.0,211.7
35,15,1.5,1,DCPP,1,1,0,0.0,1.0,213.3
36,15,1.5,1,DCPP,1,1,0,0.0,1.0,217.51666666666668
37,15,1.5,1,DCPP,1,1,0,0.0,1.0,215.45
38,15,1.5,1,DCPP,1,1,0,0.0,1.0,210.2
39,15,1.5,1,DCPP,1,1,0,0.0,1.0,215.16666666666663
0,15,1.25,1,DCPP,1,1,0,0.0,1.0,235.21666666666667
1,15,1.25,1,DCPP,1,1,0,0.0,1.0,233.775
2,15,1.25,1,DCPP,1,1,0,0.0,1.0,239.1083333333333
3,15,1.25,1,DCPP,1,1,0,0.0,1.0,236.1833333333333
4,15,1.25,1,DCPP,1,1,0,0.0,1.0,234.95833333333331
5,15,1.25,1,DCPP,1,1,0,0.0,1.0,239.25833333333333
6,15,1.25,1,DCPP,1,1,0,0.0,1.0,236.9333333333333
7,15,1.25,1,DCPP,1,1,0,0.0,1.0,235.05
8,15,1.25,1,DCPP,1,1,0,0.0,1.0,242.06666666666663
9,15,1.25,1,DCPP,1,1,0,0.0,1.0,235.475
10,15,1.25,1,DCPP,1,1,0,0.0,1.0,234.99166666666667
11,15,1.25,1,DCPP,1,1,0,0.0,1.0,236.54166666666663
12,15,1.25,1,DCPP,1,1,0,0.0,1.0,239.76666666666668
13,15,1.25,1,DCPP,1,1,0,0.0,1.0,237.3083333333333
14,15,1.25,1,DCPP,1,1,0,0.0,1.0,237.4333333333333
15,15,1.25,1,DCPP,1,1,0,0.0,1.0,236.375
16,15,1.25,1,DCPP,1,1,0,0.0,1.0,240.25
17,15,1.25,1,DCPP,1,1,0,0.0,1.0,237.63333333333333
18,15,1.25,1,DCPP,1,1,0,0.0,1.0,232.8583333333333
19,15,1.25,1,DCPP,1,1,0,0.0,1.0,236.05
20,15,1.25,1,DCPP,1,1,0,0.0,1.0,236.64166666666668
21,15,1.25,1,DCPP,1,1,0,0.0,1.0,241.74166666666667
22,15,1.25,1,DCPP,1,1,0,0.0,1.0,240.15
23,15,1.25,1,DCPP,1,1,0,0.0,1.0,232.2333333333333
24,15,1.25,1,DCPP,1,1,0,0.0,1.0,235.175
25,15,1.25,1,DCPP,1,1,0,0.0,1.0,242.01666666666668
26,15,1.25,1,DCPP,1,1,0,0.0,1.0,235.63333333333333
27,15,1.25,1,DCPP,1,1,0,0.0,1.0,238.05
28,15,1.25,1,DCPP,1,1,0,0.0,1.0,234.84166666666667
29,15,1.25,1,DCPP,1,1,0,0.0,1.0,239.41666666666663
30,15,1.25,1,DCPP,1,1,0,0.0,1.0,240.09166666666667
31,15,1.25,1,DCPP,1,1,0,0.0,1.0,236.65833333333333
32,15,1.25,1,DCPP,1,1,0,0.0,1.0,238.4333333333333
33,15,1.25,1,DCPP,1,1,0,0.0,1.0,234.55
34,15,1.25,1,DCPP,1,1,0,0.0,1.0,235.21666666666667
35,15,1.25,1,DCPP,1,1,0,0.0,1.0,235.3583333333333
36,15,1.25,1,DCPP,1,1,0,0.0,1.0,237.625
37,15,1.25,1,DCPP,1,1,0,0.0,1.0,237.0
38,15,1.25,1,DCPP,1,1,0,0.0,1.0,237.7
39,15,1.25,1,DCPP,1,1,0,0.0,1.0,237.425
0,15,1.5,1,DCPP,1,0,0,0.0,1.0,215.53333333333333
1,15,1.5,1,DCPP,1,0,0,0.0,1.0,215.38333333333333
2,15,1.5,1,DCPP,1,0,0,0.0,1.0,218.7
3,15,1.5,1,DCPP,1,0,0,0.0,1.0,223.71666666666667
4,15,1.5,1,DCPP,1,0,0,0.0,1.0,212.36666666666667
5,15,1.5,1,DCPP,1,0,0,0.0,1.0,227.3
6,15,1.5,1,DCPP,1,0,0,0.0,1.0,226.21666666666667
7,15,1.5,1,DCPP,1,0,0,0.0,1.0,222.9833333333333
8,15,1.5,1,DCPP,1,0,0,0.0,1.0,219.25
9,15,1.5,1,DCPP,1,0,0,0.0,1.0,211.0
10,15,1.5,1,DCPP,1,0,0,0.0,1.0,210.88333333333333
11,15,1.5,1,DCPP,1,0,0,0.0,1.0,215.81666666666663
12,15,1.5,1,DCPP,1,0,0,0.0,1.0,222.78333333333333
13,15,1.5,1,DCPP,1,0,0,0.0,1.0,224.4833333333333
14,15,1.5,1,DCPP,1,0,0,0.0,1.0,226.01666666666668
15,15,1.5,1,DCPP,1,0,0,0.0,1.0,219.11666666666667
16,15,1.5,1,DCPP,1,0,0,0.0,1.0,229.2333333333333
17,15,1.5,1,DCPP,1,0,0,0.0,1.0,224.71666666666667
18,15,1.5,1,DCPP,1,0,0,0.0,1.0,221.95
19,15,1.5,1,DCPP,1,0,0,0.0,1.0,221.88333333333333
20,15,1.5,1,DCPP,1,0,0,0.0,1.0,217.51666666666668
21,15,1.5,1,DCPP,1,0,0,0.0,1.0,230.15
22,15,1.5,1,DCPP,1,0,0,0.0,1.0,218.6833333333333
23,15,1.5,1,DCPP,1,0,0,0.0,1.0,216.05
24,15,1.5,1,DCPP,1,0,0,0.0,1.0,216.28333333333333
25,15,1.5,1,DCPP,1,0,0,0.0,1.0,226.8
26,15,1.5,1,DCPP,1,0,0,0.0,1.0,213.25
27,15,1.5,1,DCPP,1,0,0,0.0,1.0,221.58333333333331
28,15,1.5,1,DCPP,1,0,0,0.0,1.0,221.06666666666663
29,15,1.5,1,DCPP,1,0,0,0.0,1.0,219.58333333333331
30,15,1.5,1,DCPP,1,0,0,0.0,1.0,222.8
31,15,1.5,1,DCPP,1,0,0,0.0,1.0,212.33333333333331
32,15,1.5,1,DCPP,1,0,0,0.0,1.0,230.31666666666663
33,15,1.5,1,DCPP,1,0,0,0.0,1.0,216.3
34,15,1.5,1,DCPP,1,0,0,0.0,1.0,212.83333333333331
35,15,1.5,1,DCPP,1,0,0,0.0,1.0,219.56666666666663
36,15,1.5,1,DCPP,1,0,0,0.0,1.0,227.61666666666667
37,15,1.5,1,DCPP,1,0,0,0.0,1.0,223.58333333333331
38,15,1.5,1,DCPP,1,0,0,0.0,1.0,225.3
39,15,1.5,1,DCPP,1,0,0,0.0,1.0,220.4
0,15,1.25,1,DCPP,1,0,0,0.0,1.0,243.925
1,15,1.25,1,DCPP,1,0,0,0.0,1.0,242.39166666666668
2,15,1.25,1,DCPP,1,0,0,0.0,1.0,243.975
3,15,1.25,1,DCPP,1,0,0,0.0,1.0,246.4
4,15,1.25,1,DCPP,1,0,0,0.0,1.0,240.9
5,15,1.25,1,DCPP,1,0,0,0.0,1.0,252.63333333333333
6,15,1.25,1,DCPP,1,0,0,0.0,1.0,255.05
7,15,1.25,1,DCPP,1,0,0,0.0,1.0,246.45
8,15,1.25,1,DCPP,1,0,0,0.0,1.0,243.35
9,15,1.25,1,DCPP,1,0,0,0.0,1.0,235.6833333333333
10,15,1.25,1,DCPP,1,0,0,0.0,1.0,236.16666666666663
11,15,1.25,1,DCPP,1,0,0,0.0,1.0,242.69166666666663
12,15,1.25,1,DCPP,1,0,0,0.0,1.0,247.49166666666667
13,15,1.25,1,DCPP,1,0,0,0.0,1.0,249.66666666666663
14,15,1.25,1,DCPP,1,0,0,0.0,1.0,245.9333333333333
15,15,1.25,1,DCPP,1,0,0,0.0,1.0,249.00833333333333
16,15,1.25,1,DCPP,1,0,0,0.0,1.0,253.50833333333333
17,15,1.25,1,DCPP,1,0,0,0.0,1.0,251.45833333333331
18,15,1.25,1,DCPP,1,0,0,0.0,1.0,245.0583333333333
19,15,1.25,1,DCPP,1,0,0,0.0,1.0,249.275
20,15,1.25,1,DCPP,1,0,0,0.0,1.0,248.65
21,15,1.25,1,DCPP,1,0,0,0.0,1.0,256.81666666666666
22,15,1.25,1,DCPP,1,0,0,0.0,1.0,241.8583333333333
23,15,1.25,1,DCPP,1,0,0,0.0,1.0,245.375
24,15,1.25,1,DCPP,1,0,0,0.0,1.0,245.65833333333333
25,15,1.25,1,DCPP,1,0,0,0.0,1.0,251.875
26,15,1.25,1,DCPP,1,0,0,0.0,1.0,238.39166666666668
27,15,1.25,1,DCPP,1,0,0,0.0,1.0,242.6083333333333
28,15,1.25,1,DCPP,1,0,0,0.0,1.0,246.91666666666663
29,15,1.25,1,DCPP,1,0,0,0.0,1.0,244.61666666666667
30,15,1.25,1,DCPP,1,0,0,0.0,1.0,252.66666666666663
31,15,1.25,1,DCPP,1,0,0,0.0,1.0,239.4
32,15,1.25,1,DCPP,1,0,0,0.0,1.0,251.85
33,15,1.25,1,DCPP,1,0,0,0.0,1.0,241.49166666666667
34,15,1.25,1,DCPP,1,0,0,0.0,1.0,234.175
35,15,1.25,1,DCPP,1,0,0,0.0,1.0,245.83333333333331
36,15,1.25,1,DCPP,1,0,0,0.0,1.0,249.425
37,15,1.25,1,DCPP,1,0,0,0.0,1.0,246.81666666666663
38,15,1.25,1,DCPP,1,0,0,0.0,1.0,244.89166666666668
39,15,1.25,1,DCPP,1,0,0,0.0,1.0,243.70833333333331
0,15,1.75,1,DCPP,1,1,0,0.0,1.0,188.65833333333333
1,15,1.75,1,DCPP,1,1,0,0.0,1.0,183.1083333333333
2,15,1.75,1,DCPP,1,1,0,0.0,1.0,192.28333333333333
3,15,1.75,1,DCPP,1,1,0,0.0,1.0,188.84166666666667
4,15,1.75,1,DCPP,1,1,0,0.0,1.0,188.8583333333333
5,15,1.75,1,DCPP,1,1,0,0.0,1.0,184.34166666666667
6,15,1.75,1,DCPP,1,1,0,0.0,1.0,194.74166666666667
7,15,1.75,1,DCPP,1,1,0,0.0,1.0,185.20833333333331
8,15,1.75,1,DCPP,1,1,0,0.0,1.0,183.46666666666667
9,15,1.75,1,DCPP,1,1,0,0.0,1.0,188.36666666666667
10,15,1.75,1,DCPP,1,1,0,0.0,1.0,186.6
11,15,1.75,1,DCPP,1,1,0,0.0,1.0,184.3
12,15,1.75,1,DCPP,1,1,0,0.0,1.0,190.14166666666668
13,15,1.75,1,DCPP,1,1,0,0.0,1.0,187.26666666666668
14,15,1.75,1,DCPP,1,1,0,0.0,1.0,188.3583333333333
15,15,1.75,1,DCPP,1,1,0,0.0,1.0,183.7
16,15,1.75,1,DCPP,1,1,0,0.0,1.0,191.625
17,15,1.75,1,DCPP,1,1,0,0.0,1.0,184.7333333333333
18,15,1.75,1,DCPP,1,1,0,0.0,1.0,189.2
19,15,1.75,1,DCPP,1,1,0,0.0,1.0,190.9833333333333
20,15,1.75,1,DCPP,1,1,0,0.0,1.0,185.79166666666663
21,15,1.75,1,DCPP,1,1,0,0.0,1.0,187.925
22,15,1.75,1,DCPP,1,1,0,0.0,1.0,189.9
23,15,1.75,1,DCPP,1,1,0,0.0,1.0,186.225
24,15,1.75,1,DCPP,1,1,0,0.0,1.0,188.3
25,15,1.75,1,DCPP,1,1,0,0.0,1.0,187.79166666666663
26,15,1.75,1,DCPP,1,1,0,0.0,1.0,190.99166666666667
27,15,1.75,1,DCPP,1,1,0,0.0,1.0,190.175
28,15,1.75,1,DCPP,1,1,0,0.0,1.0,188.56666666666663
29,15,1.75,1,DCPP,1,1,0,0.0,1.0,186.75833333333333
30,15,1.75,1,DCPP,1,1,0,0.0,1.0,189.45833333333331
31,15,1.75,1,DCPP,1,1,0,0.0,1.0,189.075
32,15,1.75,1,DCPP,1,1,0,0.0,1.0,192.0
33,15,1.75,1,DCPP,1,1,0,0.0,1.0,189.4
34,15,1.75,1,DCPP,1,1,0,0.0,1.0,185.76666666666668
35,15,1.75,1,DCPP,1,1,0,0.0,1.0,185.65833333333333
36,15,1.75,1,DCPP,1,1,0,0.0,1.0,189.7333333333333
37,15,1.75,1,DCPP,1,1,0,0.0,1.0,189.56666666666663
38,15,1.75,1,DCPP,1,1,0,0.0,1.0,189.41666666666663
39,15,1.75,1,DCPP,1,1,0,0.0,1.0,190.875
0,15,1.75,0,DCPP,1,1,0,0.0,1.0,225.05
1,15,1.75,0,DCPP,1,1,0,0.0,1.0,218.39166666666668
2,15,1.75,0,DCPP,1,1,0,0.0,1.0,230.675
3,15,1.75,0,DCPP,1,1,0,0.0,1.0,230.3
4,15,1.75,0,DCPP,1,1,0,0.0,1.0,228.05
5,15,1.75,0,DCPP,1,1,0,0.0,1.0,228.375
6,15,1.75,0,DCPP,1,1,0,0.0,1.0,230.01666666666668
7,15,1.75,0,DCPP,1,1,0,0.0,1.0,225.28333333333333
8,15,1.75,0,DCPP,1,1,0,0.0,1.0,223.55
9,15,1.75,0,DCPP,1,1,0,0.0,1.0,226.075
10,15,1.75,0,DCPP,1,1,0,0.0,1.0,225.375
11,15,1.75,0,DCPP,1,1,0,0.0,1.0,225.66666666666663
12,15,1.75,0,DCPP,1,1,0,0.0,1.0,227.20833333333331
13,15,1.75,0,DCPP,1,1,0,0.0,1.0,227.94166666666663
14,15,1.75,0,DCPP,1,1,0,0.0,1.0,228.96666666666667
15,15,1.75,0,DCPP,1,1,0,0.0,1.0,224.49166666666667
16,15,1.75,0,DCPP,1,1,0,0.0,1.0,229.44166666666663
17,15,1.75,0,DCPP,1,1,0,0.0,1.0,222.40833333333333
18,15,1.75,0,DCPP,1,1,0,0.0,1.0,226.38333333333333
19,15,1.75,0,DCPP,1,1,0,0.0,1.0,226.34166666666667
20,15,1.75,0,DCPP,1,1,0,0.0,1.0,227.0
21,15,1.75,0,DCPP,1,1,0,0.0,1.0,232.3583333333333
22,15,1.75,0,DCPP,1,1,0,0.0,1.0,227.76666666666668
23,15,1.75,0,DCPP,1,1,0,0.0,1.0,227.79166666666663
24,15,1.75,0,DCPP,1,1,0,0.0,1.0,226.425
25,15,1.75,0,DCPP,1,1,0,0.0,1.0,231.6833333333333
26,15,1.75,0,DCPP,1,1,0,0.0,1.0,230.40833333333333
27,15,1.75,0,DCPP,1,1,0,0.0,1.0,224.95833333333331
28,15,1.75,0,DCPP,1,1,0,0.0,1.0,220.6
29,15,1.75,0,DCPP,1,1,0,0.0,1.0,227.6083333333333
30,15,1.75,0,DCPP,1,1,0,0.0,1.0,233.95
31,15,1.75,0,DCPP,1,1,0,0.0,1.0,225.69166666666663
32,15,1.75,0,DCPP,1,1,0,0.0,1.0,231.88333333333333
33,15,1.75,0,DCPP,1,1,0,0.0,1.0,226.7333333333333
34,15,1.75,0,DCPP,1,1,0,0.0,1.0,228.425
35,15,1.75,0,DCPP,1,1,0,0.0,1.0,227.35
36,15,1.75,0,DCPP,1,1,0,0.0,1.0,230.71666666666667
37,15,1.75,0,DCPP,1,1,0,0.0,1.0,233.0583333333333
38,15,1.75,0,DCPP,1,1,0,0.0,1.0,222.81666666666663
39,15,1.75,0,DCPP,1,1,0,0.0,1.0,230.325
0,15,1.25,0,DCPP,1,1,0,0.0,1.0,268.0
1,15,1.25,0,DCPP,1,1,0,0.0,1.0,266.23333333333335
2,15,1.25,0,DCPP,1,1,0,0.0,1.0,273.89166666666665
3,15,1.25,0,DCPP,1,1,0,0.0,1.0,271.275
4,15,1.25,0,DCPP,1,1,0,0.0,1.0,267.0416666666667
5,15,1.25,0,DCPP,1,1,0,0.0,1.0,270.25
6,15,1.25,0,DCPP,1,1,0,0.0,1.0,271.96666666666664
7,15,1.25,0,DCPP,1,1,0,0.0,1.0,270.925
8,15,1.25,0,DCPP,1,1,0,0.0,1.0,272.71666666666664
9,15,1.25,0,DCPP,1,1,0,0.0,1.0,265.76666666666665
10,15,1.25,0,DCPP,1,1,0,0.0,1.0,267.8666666666667
11,15,1.25,0,DCPP,1,1,0,0.0,1.0,269.35833333333335
12,15,1.25,0,DCPP,1,1,0,0.0,1.0,271.4916666666667
13,15,1.25,0,DCPP,1,1,0,0.0,1.0,276.775
14,15,1.25,0,DCPP,1,1,0,0.0,1.0,273.4583333333333
15,15,1.25,0,DCPP,1,1,0,0.0,1.0,268.225
16,15,1.25,0,DCPP,1,1,0,0.0,1.0,275.3833333333333
17,15,1.25,0,DCPP,1,1,0,0.0,1.0,269.8833333333333
18,15,1.25,0,DCPP,1,1,0,0.0,1.0,271.725
19,15,1.25,0,DCPP,1,1,0,0.0,1.0,271.15833333333336
20,15,1.25,0,DCPP,1,1,0,0.0,1.0,267.69166666666666
21,15,1.25,0,DCPP,1,1,0,0.0,1.0,276.75
22,15,1.25,0,DCPP,1,1,0,0.0,1.0,269.95
23,15,1.25,0,DCPP,1,1,0,0.0,1.0,267.1333333333333
24,15,1.25,0,DCPP,1,1,0,0.0,1.0,269.8
25,15,1.25,0,DCPP,1,1,0,0.0,1.0,275.65
26,15,1.25,0,DCPP,1,1,0,0.0,1.0,273.7083333333333
27,15,1.25,0,DCPP,1,1,0,0.0,1.0,269.18333333333334
28,15,1.25,0,DCPP,1,1,0,0.0,1.0,270.19166666666666
29,15,1.25,0,DCPP,1,1,0,0.0,1.0,268.625
30,15,1.25,0,DCPP,1,1,0,0.0,1.0,271.5416666666667
31,15,1.25,0,DCPP,1,1,0,0.0,1.0,270.65
32,15,1.25,0,DCPP,1,1,0,0.0,1.0,273.85833333333335
33,15,1.25,0,DCPP,1,1,0,0.0,1.0,271.43333333333334
34,15,1.25,0,DCPP,1,1,0,0.0,1.0,267.975
35,15,1.25,0,DCPP,1,1,0,0.0,1.0,271.1333333333333
36,15,1.25,0,DCPP,1,1,0,0.0,1.0,278.06666666666666
37,15,1.25,0,DCPP,1,1,0,0.0,1.0,272.075
38,15,1.25,0,DCPP,1,1,0,0.0,1.0,273.8
39,15,1.25,0,DCPP,1,1,0,0.0,1.0,271.40833333333336
0,15,1.5,0,DCPP,1,0,0,0.0,1.0,239.16666666666663
1,15,1.5,0,DCPP,1,0,0,0.0,1.0,232.76666666666668
2,15,1.5,0,DCPP,1,0,0,0.0,1.0,241.28333333333333
3,15,1.5,0,DCPP,1,0,0,0.0,1.0,245.35
4,15,1.5,0,DCPP,1,0,0,0.0,1.0,237.71666666666667
5,15,1.5,0,DCPP,1,0,0,0.0,1.0,247.85
6,15,1.5,0,DCPP,1,0,0,0.0,1.0,244.38333333333333
7,15,1.5,0,DCPP,1,0,0,0.0,1.0,236.55
8,15,1.5,0,DCPP,1,0,0,0.0,1.0,235.08333333333331
9,15,1.5,0,DCPP,1,0,0,0.0,1.0,235.96666666666667
10,15,1.5,0,DCPP,1,0,0,0.0,1.0,234.3
11,15,1.5,0,DCPP,1,0,0,0.0,1.0,236.8
12,15,1.5,0,DCPP,1,0,0,0.0,1.0,241.3
13,15,1.5,0,DCPP,1,0,0,0.0,1.0,245.6833333333333
14,15,1.5,0,DCPP,1,0,0,0.0,1.0,241.46666666666667
15,15,1.5,0,DCPP,1,0,0,0.0,1.0,248.1833333333333
16,15,1.5,0,DCPP,1,0,0,0.0,1.0,249.65
17,15,1.5,0,DCPP,1,0,0,0.0,1.0,247.83333333333331
18,15,1.5,0,DCPP,1,0,0,0.0,1.0,232.7333333333333
19,15,1.5,0,DCPP,1,0,0,0.0,1.0,243.63333333333333
20,15,1.5,0,DCPP,1,0,0,0.0,1.0,236.1833333333333
21,15,1.5,0,DCPP,1,0,0,0.0,1.0,249.2
22,15,1.5,0,DCPP,1,0,0,0.0,1.0,237.45
23,15,1.5,0,DCPP,1,0,0,0.0,1.0,236.58333333333331
24,15,1.5,0,DCPP,1,0,0,0.0,1.0,237.46666666666667
25,15,1.5,0,DCPP,1,0,0,0.0,1.0,246.53333333333333
26,15,1.5,0,DCPP,1,0,0,0.0,1.0,239.7
27,15,1.5,0,DCPP,1,0,0,0.0,1.0,244.31666666666663
28,15,1.5,0,DCPP,1,0,0,0.0,1.0,238.96666666666667
29,15,1.5,0,DCPP,1,0,0,0.0,1.0,245.15
30,15,1.5,0,DCPP,1,0,0,0.0,1.0,242.9
31,15,1.5,0,DCPP,1,0,0,0.0,1.0,235.16666666666663
32,15,1.5,0,DCPP,1,0,0,0.0,1.0,248.1
33,15,1.5,0,DCPP,1,0,0,0.0,1.0,240.05
34,15,1.5,0,DCPP,1,0,0,0.0,1.0,231.03333333333333
35,15,1.5,0,DCPP,1,0,0,0.0,1.0,244.35
36,15,1.5,0,DCPP,1,0,0,0.0,1.0,245.45
37,15,1.5,0,DCPP,1,0,0,0.0,1.0,247.05
38,15,1.5,0,DCPP,1,0,0,0.0,1.0,240.91666666666663
39,15,1.5,0,DCPP,1,0,0,0.0,1.0,242.35
0,15,1.75,0,DCPP,1,0,0,0.0,1.0,219.14166666666668
1,15,1.75,0,DCPP,1,0,0,0.0,1.0,209.6083333333333
2,15,1.75,0,DCPP,1,0,0,0.0,1.0,218.9333333333333
3,15,1.75,0,DCPP,1,0,0,0.0,1.0,216.90833333333333
4,15,1.75,0,DCPP,1,0,0,0.0,1.0,219.56666666666663
5,15,1.75,0,DCPP,1,0,0,0.0,1.0,226.2
6,15,1.75,0,DCPP,1,0,0,0.0,1.0,224.8083333333333
7,15,1.75,0,DCPP,1,0,0,0.0,1.0,217.11666666666667
8,15,1.75,0,DCPP,1,0,0,0.0,1.0,209.40833333333333
9,15,1.75,0,DCPP,1,0,0,0.0,1.0,211.025
10,15,1.75,0,DCPP,1,0,0,0.0,1.0,211.6083333333333
11,15,1.75,0,DCPP,1,0,0,0.0,1.0,208.9833333333333
12,15,1.75,0,DCPP,1,0,0,0.0,1.0,214.85
13,15,1.75,0,DCPP,1,0,0,0.0,1.0,221.94166666666663
14,15,1.75,0,DCPP,1,0,0,0.0,1.0,221.35
15,15,1.75,0,DCPP,1,0,0,0.0,1.0,220.325
16,15,1.75,0,DCPP,1,0,0,0.0,1.0,228.275
17,15,1.75,0,DCPP,1,0,0,0.0,1.0,221.64166666666668
18,15,1.75,0,DCPP,1,0,0,0.0,1.0,209.70833333333331
19,15,1.75,0,DCPP,1,0,0,0.0,1.0,217.2
20,15,1.75,0,DCPP,1,0,0,0.0,1.0,212.55
21,15,1.75,0,DCPP,1,0,0,0.0,1.0,229.3583333333333
22,15,1.75,0,DCPP,1,0,0,0.0,1.0,213.825
23,15,1.75,0,DCPP,1,0,0,0.0,1.0,212.86666666666667
24,15,1.75,0,DCPP,1,0,0,0.0,1.0,211.69166666666663
25,15,1.75,0,DCPP,1,0,0,0.0,1.0,223.025
26,15,1.75,0,DCPP,1,0,0,0.0,1.0,215.325
27,15,1.75,0,DCPP,1,0,0,0.0,1.0,213.7
28,15,1.75,0,DCPP,1,0,0,0.0,1.0,208.7333333333333
29,15,1.75,0,DCPP,1,0,0,0.0,1.0,219.15
30,15,1.75,0,DCPP,1,0,0,0.0,1.0,220.4
31,15,1.75,0,DCPP,1,0,0,0.0,1.0,211.84166666666667
32,15,1.75,0,DCPP,1,0,0,0.0,1.0,227.24166666666667
33,15,1.75,0,DCPP,1,0,0,0.0,1.0,218.25
34,15,1.75,0,DCPP,1,0,0,0.0,1.0,210.95
35,15,1.75,0,DCPP,1,0,0,0.0,1.0,215.8083333333333
36,15,1.75,0,DCPP,1,0,0,0.0,1.0,216.09166666666667
37,15,1.75,0,DCPP,1,0,0,0.0,1.0,220.4333333333333
38,15,1.75,0,DCPP,1,0,0,0.0,1.0,216.875
39,15,1.75,0,DCPP,1,0,0,0.0,1.0,217.4333333333333
0,15,1.5,0,DCPP,1,1,0,0.0,1.0,246.9
1,15,1.5,0,DCPP,1,1,0,0.0,1.0,247.88333333333333
2,15,1.5,0,DCPP,1,1,0,0.0,1.0,247.15
3,15,1.5,0,DCPP,1,1,0,0.0,1.0,252.1833333333333
4,15,1.5,0,DCPP,1,1,0,0.0,1.0,241.58333333333331
5,15,1.5,0,DCPP,1,1,0,0.0,1.0,249.16666666666663
6,15,1.5,0,DCPP,1,1,0,0.0,1.0,248.95
7,15,1.5,0,DCPP,1,1,0,0.0,1.0,250.61666666666667
8,15,1.5,0,DCPP,1,1,0,0.0,1.0,249.51666666666668
9,15,1.5,0,DCPP,1,1,0,0.0,1.0,246.58333333333331
10,15,1.5,0,DCPP,1,1,0,0.0,1.0,242.9333333333333
11,15,1.5,0,DCPP,1,1,0,0.0,1.0,249.55
12,15,1.5,0,DCPP,1,1,0,0.0,1.0,250.86666666666667
13,15,1.5,0,DCPP,1,1,0,0.0,1.0,254.53333333333333
14,15,1.5,0,DCPP,1,1,0,0.0,1.0,252.81666666666663
15,15,1.5,0,DCPP,1,1,0,0.0,1.0,250.4
16,15,1.5,0,DCPP,1,1,0,0.0,1.0,250.06666666666663
17,15,1.5,0,DCPP,1,1,0,0.0,1.0,249.06666666666663
18,15,1.5,0,DCPP,1,1,0,0.0,1.0,246.36666666666667
19,15,1.5,0,DCPP,1,1,0,0.0,1.0,245.88333333333333
20,15,1.5,0,DCPP,1,1,0,0.0,1.0,245.96666666666667
21,15,1.5,0,DCPP,1,1,0,0.0,1.0,250.6833333333333
22,15,1.5,0,DCPP,1,1,0,0.0,1.0,247.05
23,15,1.5,0,DCPP,1,1,0,0.0,1.0,247.83333333333331
24,15,1.5,0,DCPP,1,1,0,0.0,1.0,246.86666666666667
25,15,1.5,0,DCPP,1,1,0,0.0,1.0,254.9333333333333
26,15,1.5,0,DCPP,1,1,0,0.0,1.0,248.83333333333331
27,15,1.5,0,DCPP,1,1,0,0.0,1.0,245.3
28,15,1.5,0,DCPP,1,1,0,0.0,1.0,244.08333333333331
29,15,1.5,0,DCPP,1,1,0,0.0,1.0,245.65
30,15,1.5,0,DCPP,1,1,0,0.0,1.0,252.58333333333331
31,15,1.5,0,DCPP,1,1,0,0.0,1.0,253.63333333333333
32,15,1.5,0,DCPP,1,1,0,0.0,1.0,249.33333333333331
33,15,1.5,0,DCPP,1,1,0,0.0,1.0,249.46666666666667
34,15,1.5,0,DCPP,1,1,0,0.0,1.0,248.9
35,15,1.5,0,DCPP,1,1,0,0.0,1.0,251.66666666666663
36,15,1.5,0,DCPP,1,1,0,0.0,1.0,252.65
37,15,1.5,0,DCPP,1,1,0,0.0,1.0,252.91666666666663
38,15,1.5,0,DCPP,1,1,0,0.0,1.0,253.9833333333333
39,15,1.5,0,DCPP,1,1,0,0.0,1.0,248.51666666666668
